keyword,volume,kd,intent,cpc
claude code mcp server configuration,880,21,I,0
how to build an mcp server,390,24,I,1.91
how to create claude mcp server,390,27,I,0
mcp server design for digital goods storefront,390,16,I,0
how to build mcp server,320,21,I,1.97
create mcp server,260,25,I,2.46
how to create an mcp server,260,28,I,1.97
claude desktop mcp server configuration,210,27,I,0
could not connect to mcp server mcp-registry,210,10,I,0
mcp server hosting,210,23,I,2.89
how to add mcp server to claude code,170,24,I,13.03
slack mcp server cursor ide setup 2026,170,22,I,0
create an mcp server,140,26,I,3.46
how to build a mcp server,140,19,I,3.27
how to create a mcp server,140,28,I,2.73
how to add mcp server to cursor,110,20,I,0
mcp server setup,110,25,I,2.88
how to test mcp server,90,23,I,6.42
mcp server generator,90,18,I,3.78
claude desktop configure mcp server,70,18,I,0
claude desktop mcp how to add server,70,11,I,0
claude desktop mcp how to connect server,70,4,I,0
host mcp server,70,23,I,7.57
claude mcp server setup,50,25,I,0
mcp server tutorial python,50,27,I,0
setup mcp server,50,20,I,2.98
best mcp server generator for devs,40,26,C,0
claude desktop mcp server connect,40,7,I,0
claude desktop mcp server how to connect,40,10,I,0
google analytics mcp server setup guide,40,15,I,0
how to connect claude desktop to mcp server,40,29,I,0
mcp server setup guide,40,19,I,0
testing mcp server,40,26,I,7.61
hosting mcp server,30,25,I,3.18
how to build your own mcp server,30,25,I,2.07
how to setup an mcp server,30,21,I,2.01
mcp server set up,30,29,I,2.14
self hosted mcp server,30,12,I,3.23
writing an mcp server,30,29,I,3.49
